X,Y,recordID,species,year,eventDate,countryCode,stateProvince,locality,dataset
-54.45437,-25.67713,699208653,Herpailurus yagouaroundi,2000,2000/02/01 00:00:00+00,AR,Misiones,"<p>Area Cataratas. Sendero Yacarati&aacute;. Entrada<br />&nbsp;</p>",occurrencePoints_GBIF
-54.47478,-25.68947,699208658,Herpailurus yagouaroundi,2000,2000/02/09 00:00:00+00,AR,Misiones,"<p>Cantera. Cerca cruce RN N&deg;101 y ruta acceso Area Cataratas<br />&nbsp;</p>",occurrencePoints_GBIF
-54.46441,-25.68823,699208657,Herpailurus yagouaroundi,2000,2000/05/22 00:00:00+00,AR,Misiones,"<p>Cantera. Acceso a Area Cataratas, entre casilla de control y ex-cantera<br />&nbsp;</p>",occurrencePoints_GBIF
-54.44968,-25.67817,699208625,Herpailurus yagouaroundi,2000,2000/06/01 00:00:00+00,AR,Misiones,"<p>PNI. Area Cataratas. CIES entrada<br />&nbsp;</p><p>&nbsp;</p>",occurrencePoints_GBIF
-54.44631,-25.69752,699208617,Herpailurus yagouaroundi,2000,2000/10/06 00:00:00+00,AR,Misiones,"<p>Area Cataratas. Camino a Puerto Canoas, 500 m despu&eacute;s de toma de agua.<br />&nbsp;</p>",occurrencePoints_GBIF
-54.44986,-25.67921,699208667,Herpailurus yagouaroundi,2000,2000/11/24 00:00:00+00,AR,Misiones,"<p>Ruta asfaltada acceso a Area Cataratas, frente a CIES <br />&nbsp;</p>",occurrencePoints_GBIF
-54.45895,-25.69003,699208669,Herpailurus yagouaroundi,2000,2000/12/01 00:00:00+00,AR,Misiones,"<p>Ruta de Acceso Area Cataratas, cerca de entrada a nuevo control<br />&nbsp;</p>",occurrencePoints_GBIF
-54.44183,-25.70932,699208686,Herpailurus yagouaroundi,2001,2001/02/19 00:00:00+00,AR,Misiones,"<p>Ex-ruta 12<br />&nbsp;</p>",occurrencePoints_GBIF
-54.44741,-25.69337,699208619,Herpailurus yagouaroundi,2001,2001/04/25 00:00:00+00,AR,Misiones,"<p>Area Cataratas. Camino a Puerto Canoas <br />&nbsp;</p>",occurrencePoints_GBIF
-54.44136,-25.71396,699208673,Herpailurus yagouaroundi,2001,2001/05/31 00:00:00+00,AR,Misiones,"<p>Ruta Nacional 12 vieja (camino acceso garganta) 50 metros del port&oacute;n <br />&nbsp;</p>",occurrencePoints_GBIF
-54.43995,-25.71453,699208659,Herpailurus yagouaroundi,2001,2001/07/07 00:00:00+00,AR,Misiones,"<p>Cruzando RN N&ordm; 101. Aproximadamente a 120 metros del acceso a garganta<br /><br />&nbsp;</p>",occurrencePoints_GBIF
-54.45582,-25.68703,699208634,Herpailurus yagouaroundi,2001,2001/08/23 00:00:00+00,AR,Misiones,"<p>Area Cataratas. Control UTE<br />&nbsp;</p>",occurrencePoints_GBIF
-52.67803,4.03546,2475200648,Herpailurus yagouaroundi,2001,2001/09/20 00:00:00+00,GF,,,occurrencePoints_GBIF
-54.44453,-25.68314,699208647,Herpailurus yagouaroundi,2001,2001/12/11 00:00:00+00,AR,Misiones,"<p>Area Cataratas. Paseo inferior. Bar<br />&nbsp;</p>",occurrencePoints_GBIF
-54.45129,-25.67797,699208668,Herpailurus yagouaroundi,2001,2001/12/17 00:00:00+00,AR,Misiones,"<p>Ruta de acceso Area Cataratas, 200 m antes acceso Laboratorio CIES<br />&nbsp;</p>",occurrencePoints_GBIF
-54.44746,-25.69309,699208618,Herpailurus yagouaroundi,2002,2002/03/06 00:00:00+00,AR,Misiones,"<p>Area Cataratas. Camino a Puerto Canoas, en cercan&iacute;as de la toma de agua<br />&nbsp;</p>",occurrencePoints_GBIF
-54.44756,-25.68414,699208621,Herpailurus yagouaroundi,2002,2002/03/16 00:00:00+00,AR,Misiones,"<p>Area Cataratas. Centro Operativo Cataratas <br />&nbsp;</p>",occurrencePoints_GBIF
-54.47802,-25.69073,699208660,Herpailurus yagouaroundi,2002,2002/06/03 00:00:00+00,AR,Misiones,"<p>RN N&ordm; 101. Cruce acceso &Aacute;rea Cataratas y RN N&deg;101<br />&nbsp;</p><p>&nbsp;</p>",occurrencePoints_GBIF
-54.44556,-25.68316,699208648,Herpailurus yagouaroundi,2002,2002/06/16 00:00:00+00,AR,Misiones,"<p>Area Cataratas. Paseo Inferior. Ingreso<br />&nbsp;</p>",occurrencePoints_GBIF
-54.44721,-25.67973,699208646,Herpailurus yagouaroundi,2002,2002/06/26 00:00:00+00,AR,Misiones,"<p>Area Cataratas. Hotel Sheraton. Entre playa estacionamiento y curva<br />&nbsp;</p>",occurrencePoints_GBIF
-54.44771,-25.67885,699208624,Herpailurus yagouaroundi,2002,2002/06/27 00:00:00+00,AR,Misiones,"<p>Area Cataratas. CIES. Curva yendo hacia Hotel Sheraton<br />&nbsp;</p>",occurrencePoints_GBIF
-53.24865,4.67709,3310388945,Herpailurus yagouaroundi,2003,2003/01/01 00:00:00+00,GF,Guyane française,,occurrencePoints_GBIF
-54.44666,-25.68363,699208654,Herpailurus yagouaroundi,2003,2003/04/04 00:00:00+00,AR,Misiones,"<p>Area Cataratas. Viejo Hotel Cataratas. Entre Viejo Hotel Cataratas y la Estaci&oacute;n Central<br />&nbsp;</p>",occurrencePoints_GBIF
-54.46718,-25.68837,699208651,Herpailurus yagouaroundi,2003,2003/04/23 00:00:00+00,AR,Misiones,"<p>Area Cataratas. Ruta de Acceso Area Cataratas. En ruta de acceso al Area Cataratas<br />&nbsp;</p>",occurrencePoints_GBIF
-58.022,-28.01437,233872747,Herpailurus yagouaroundi,2003,2003/05/02 00:00:00+00,AR,Corrientes,<p>Seccional D'Orbigny</p>,occurrencePoints_GBIF
-54.44771,-25.67885,699208644,Herpailurus yagouaroundi,2003,2003/05/03 00:00:00+00,AR,Misiones,"<p>Area Cataratas. Hotel Sheraton. Curva en frente al Sheraton<br />&nbsp;</p>",occurrencePoints_GBIF
-54.45381,-25.67871,699208642,Herpailurus yagouaroundi,2003,2003/05/03 00:00:00+00,AR,Misiones,"<p>Area Cataratas. Estaci&oacute;n Central. Pasando, en galp&oacute;n de la UTE<br />&nbsp;</p>",occurrencePoints_GBIF
-58.00761,-28.00802,233872748,Herpailurus yagouaroundi,2003,2003/06/06 00:00:00+00,AR,Corrientes,<p>Ruta 86 y Potrero 6</p>,occurrencePoints_GBIF
-58.00761,-28.00802,233872749,Herpailurus yagouaroundi,2003,2003/06/07 00:00:00+00,AR,Corrientes,<p>Ruta 86 y Potrero 6</p>,occurrencePoints_GBIF
-54.46718,-25.68837,699208652,Herpailurus yagouaroundi,2003,2003/06/12 00:00:00+00,AR,Misiones,"<p>Area Cataratas. Ruta de Acceso Area Cataratas <br />&nbsp;</p>",occurrencePoints_GBIF
-54.44584,-25.68094,699208645,Herpailurus yagouaroundi,2003,2003/06/12 00:00:00+00,AR,Misiones,"<p>Area Cataratas. Hotel Sheraton. En sector parquizado<br />&nbsp;</p>",occurrencePoints_GBIF
-54.50073,-25.66061,699208679,Herpailurus yagouaroundi,2003,2003/06/29 00:00:00+00,AR,Misiones,"<p>Sendero Yacarati&aacute;. Inicio<br />&nbsp;</p>",occurrencePoints_GBIF
-54.45696,-25.67913,699208610,Herpailurus yagouaroundi,2003,2003/07/18 00:00:00+00,AR,Misiones,"<p>Area Cataratas. Barrio de Guardaparques. Camino que sube a planta potabilizadora<br />&nbsp;</p>",occurrencePoints_GBIF
-54.27101,-25.67337,699208664,Herpailurus yagouaroundi,2003,2003/07/30 00:00:00+00,AR,Misiones,"<p>RN N&ordm; 101. Arroyo Santo Domingo. En las proximidades del arroyo<br />&nbsp;</p>",occurrencePoints_GBIF
-58.06419,-28.02342,233872750,Herpailurus yagouaroundi,2003,2003/08/08 00:00:00+00,AR,Corrientes,<p>Ruta 86 (pastizal)</p><br>,occurrencePoints_GBIF
-54.46267,-25.71214,699208666,Herpailurus yagouaroundi,2003,2003/09/05 00:00:00+00,AR,Misiones,"<p>RN N&ordm; 101. Cruce acceso Area Cataratas y Acceso Aeropuerto Internacional Cataratas. Entre Acceso &Aacute;rea Cataratas y Acceso a Aeropuerto<br />&nbsp;</p>",occurrencePoints_GBIF
-54.45381,-25.67871,699208641,Herpailurus yagouaroundi,2003,2003/09/09 00:00:00+00,AR,Misiones,"<p>Area Cataratas. Estaci&oacute;n Central. Galp&oacute;n de alistamiento UTE<br />&nbsp;</p>",occurrencePoints_GBIF
-58.022,-28.01437,233872751,Herpailurus yagouaroundi,2003,2003/09/17 00:00:00+00,AR,Corrientes,<p>Seccional D'Orbigny</p>,occurrencePoints_GBIF
-54.44919,-25.68368,699208637,Herpailurus yagouaroundi,2003,2003/11/09 00:00:00+00,AR,Misiones,"<p>Area Cataratas. Estaci&oacute;n Cataratas <br />&nbsp;</p>",occurrencePoints_GBIF
-58.00761,-28.00802,233872752,Herpailurus yagouaroundi,2003,2003/12/08 00:00:00+00,AR,Corrientes,<p>Ruta 86 y Potrero 6</p>,occurrencePoints_GBIF
-54.45548,-25.67886,233872715,Herpailurus yagouaroundi,2004,2004/02/24 00:00:00+00,AR,Misiones,<p>Barrio Gpques AC</p>,occurrencePoints_GBIF
-88.2743089356783,19.2800984469558,1894722501,Herpailurus yagouaroundi,2004,2004/03/02 00:00:00+00,MX,Quintana roo,Ejido Petcacab,occurrencePoints_GBIF
-58.02886,-28.01394,233872763,Herpailurus yagouaroundi,2004,2004/05/18 00:00:00+00,AR,Corrientes,<p>Ruta 86 proximo a Santa Teresa</p>,occurrencePoints_GBIF
-58.05008,-28.02582,233872764,Herpailurus yagouaroundi,2004,2004/05/21 00:00:00+00,AR,Corrientes,<p>Potrero 2 grande</p>,occurrencePoints_GBIF
-58.03464,-28.01896,233872765,Herpailurus yagouaroundi,2004,2004/08/02 00:00:00+00,AR,Corrientes,<p>Cortafuegos en Santa Teresa</p>,occurrencePoints_GBIF
-54.45003,-25.68287,233872735,Herpailurus yagouaroundi,2004,2004/08/12 00:00:00+00,AR,Misiones,<p>20 mts al este del cruce de vias sobre el sendero Verde</p>,occurrencePoints_GBIF
-58.10052,-28.04175,233872755,Herpailurus yagouaroundi,2004,2004/10/27 00:00:00+00,AR,Corrientes,<p>Santa Maria</p>,occurrencePoints_GBIF
-54.45548,-25.67886,233872719,Herpailurus yagouaroundi,2005,2005/01/12 00:00:00+00,AR,Misiones,"<p>B&ordm; Gques.</p>",occurrencePoints_GBIF
-54.45898,-25.69013,233872720,Herpailurus yagouaroundi,2005,2005/03/03 00:00:00+00,AR,Misiones,"<p>A.C, ex Acceso al area</p>",occurrencePoints_GBIF
-88.2743089356783,19.2800984469558,1894722484,Herpailurus yagouaroundi,2005,2005/03/20 00:00:00+00,MX,Quintana roo,Ejido Petcacab,occurrencePoints_GBIF
-58.07629,-28.02781,233872759,Herpailurus yagouaroundi,2005,2005/05/23 00:00:00+00,AR,Corrientes,<p>Potrero 16 - Ruta 86</p>,occurrencePoints_GBIF
-54.45178,-25.65692,233872717,Herpailurus yagouaroundi,2005,2005/06/15 00:00:00+00,AR,Misiones,<p>AC - curva con araucarias a 50mts lomo de burro</p>,occurrencePoints_GBIF
-58.07629,-28.02781,233872760,Herpailurus yagouaroundi,2005,2005/06/24 00:00:00+00,AR,Corrientes,<p>Pot.rero 16 - Ruta 86</p>,occurrencePoints_GBIF
-54.45484,-25.68331,233872723,Herpailurus yagouaroundi,2005,2005/07/01 00:00:00+00,AR,Misiones,<p>Portal de Acc. (mastil)</p>,occurrencePoints_GBIF
-54.52472,-25.64705,233872724,Herpailurus yagouaroundi,2005,2005/07/28 00:00:00+00,AR,Misiones,<p>R.N.(repetidora)</p>,occurrencePoints_GBIF
-58.09856,-28.03507,233872761,Herpailurus yagouaroundi,2005,2005/09/30 00:00:00+00,AR,Corrientes,<p>Santa Maria - Ruta 86</p>,occurrencePoints_GBIF
-72.536611,11.145056,3343619810,Herpailurus yagouaroundi,2005,2005/10/01 00:00:00+00,CO,La Guajira,Arroyo La Puente,occurrencePoints_GBIF
-72.547694,11.166444,3343642512,Herpailurus yagouaroundi,2005,2005/10/01 00:00:00+00,CO,La Guajira,Arroyo Bruno,occurrencePoints_GBIF
-54.18284,-25.68079,233872728,Herpailurus yagouaroundi,2005,2005/10/22 00:00:00+00,AR,Misiones,<p>Ruta 101 a 1 km del Ao Yacui chico</p>,occurrencePoints_GBIF
-72.754528,11.032667,3343656964,Herpailurus yagouaroundi,2005,2005/12/01 00:00:00+00,CO,La Guajira,Arroyo Paladines,occurrencePoints_GBIF
-54.16097,-25.68076,382062940,Herpailurus yagouaroundi,2006,2006/01/01 00:00:00+00,AR,Misiones,<p>Ruta 101 - limite Este - saliendo de la propiedad de Ayala</p>,occurrencePoints_GBIF
-54.16816,-25.68071,233872729,Herpailurus yagouaroundi,2006,2006/01/10 00:00:00+00,AR,Misiones,Ruta 101 - Arroyo Yacuí,occurrencePoints_GBIF
-54.16803,-25.68067,233872727,Herpailurus yagouaroundi,2006,2006/01/10 00:00:00+00,AR,Misiones,<p>Ruta 101 Ao Yacui</p>,occurrencePoints_GBIF
-58.09669,-28.03335,233872767,Herpailurus yagouaroundi,2006,2006/02/06 00:00:00+00,AR,Corrientes,<p>Ruta 86. Potrero 1</p>,occurrencePoints_GBIF
-54.16803,-25.68067,233872726,Herpailurus yagouaroundi,2006,2006/02/15 00:00:00+00,AR,Misiones,<p>Ruta 101 y Ao Yacui</p>,occurrencePoints_GBIF
-54.16238,-25.68122,233872731,Herpailurus yagouaroundi,2006,2006/07/05 00:00:00+00,AR,Misiones,<p>Seccional Yacuy</p>,occurrencePoints_GBIF
-60.62953,-32.10121,233872795,Herpailurus yagouaroundi,2006,2006/08/05 00:00:00+00,AR,Entre Ríos,Camino de acceso al Paraje La Jaula . cerca del primer desvio hacia La Azotea,occurrencePoints_GBIF
-58.05109,-28.01766,233872769,Herpailurus yagouaroundi,2006,2006/08/20 00:00:00+00,AR,Corrientes,"<p>Ruta 86, Potrero 2 Grande</p>",occurrencePoints_GBIF
-58.30839,-31.88614,699208710,Herpailurus yagouaroundi,2006,2006/09/08 00:00:00+00,AR,Entre Ríos,<p>P.N. El Palmar.</p>,occurrencePoints_GBIF
-58.18679,-25.12069,699208712,Herpailurus yagouaroundi,2006,2006/09/19 00:00:00+00,AR,Formosa,<p>Camino acceso al Destacamento Estero Poi</p>,occurrencePoints_GBIF
-58.13073,-25.17201,699208711,Herpailurus yagouaroundi,2006,2006/09/20 00:00:00+00,AR,Formosa,<p>Destacamento de Laguna Blanca</p>,occurrencePoints_GBIF
-54.31032,-25.67882,233872733,Herpailurus yagouaroundi,2006,2006/10/09 00:00:00+00,AR,Misiones,<p>Ruta 101 a 1 km del Arroyo Tacuara yendo a Yacuy</p>,occurrencePoints_GBIF
-58.02891,-28.01405,233872771,Herpailurus yagouaroundi,2006,2006/10/14 00:00:00+00,AR,Corrientes,"<p>Ruta 86, entrada a Santa Teresa</p><br>",occurrencePoints_GBIF
-58,-28.03679,233872773,Herpailurus yagouaroundi,2006,2006/11/01 00:00:00+00,AR,Corrientes,"<p>Ruta 86, entre Potrero 3 y 14</p>",occurrencePoints_GBIF
-58.06402,-28.02326,233872772,Herpailurus yagouaroundi,2006,2006/12/31 00:00:00+00,AR,Corrientes,"<p>Ruta 86, Potrero 17</p>",occurrencePoints_GBIF
-58.02882,-28.01391,699208691,Herpailurus yagouaroundi,2007,2007/01/25 00:00:00+00,AR,Corrientes,"<p>Ruta Provincial N&ordm; 86, entrada a Santa Teresa</p>",occurrencePoints_GBIF
-58.00605,-28.00524,699208692,Herpailurus yagouaroundi,2007,2007/02/04 00:00:00+00,AR,Corrientes,"<p>Ruta Provincial N&ordm; 86, potrero 5</p>",occurrencePoints_GBIF
-58.02002,-28.01567,699208693,Herpailurus yagouaroundi,2007,2007/04/23 00:00:00+00,AR,Corrientes,"<p>Ruta Provincial N&ordm; 86, en laguna en Seccional D&acute;Orbygni</p>",occurrencePoints_GBIF
-58.00605,-28.00524,699208694,Herpailurus yagouaroundi,2007,2007/05/06 00:00:00+00,AR,Corrientes,"<p>Ruta Provincial N&ordm; 86, potrero 5</p>",occurrencePoints_GBIF
-58.12874,-28.04421,699208695,Herpailurus yagouaroundi,2007,2007/06/17 00:00:00+00,AR,Corrientes,"<p>Ruta Provincial N&ordm;86, potrero 15</p>",occurrencePoints_GBIF
-58.03787,-28.01428,699208696,Herpailurus yagouaroundi,2007,2007/06/22 00:00:00+00,AR,Corrientes,<p>Centrop de informes</p>,occurrencePoints_GBIF
-58.03748,-28.01421,699208697,Herpailurus yagouaroundi,2007,2007/06/23 00:00:00+00,AR,Corrientes,"<p>Ruta Provincial N&ordm; 86, frente a Sendero Che Roga</p>",occurrencePoints_GBIF
-58.07742,-28.02876,699208698,Herpailurus yagouaroundi,2007,2007/07/03 00:00:00+00,AR,Corrientes,"<p>Ruta Provincial N&ordm; 86, entre potreros 16 y 18</p>",occurrencePoints_GBIF
-58.12874,-28.04421,699208699,Herpailurus yagouaroundi,2007,2007/07/06 00:00:00+00,AR,Corrientes,"<p>Ruta Provincial N&ordm; 86, potrero 15</p>",occurrencePoints_GBIF
-58.07872,-28.05064,699208700,Herpailurus yagouaroundi,2007,2007/07/14 00:00:00+00,AR,Corrientes,"<p>Cortafuego en borde de Estero Santa Luc&iacute;a, potrero 12</p>",occurrencePoints_GBIF
-58.02882,-28.01391,699208701,Herpailurus yagouaroundi,2007,2007/08/15 00:00:00+00,AR,Corrientes,"<p>Ruta Provincial N&ordm; 86, altura entrada a Santa Teresa</p>",occurrencePoints_GBIF
-58.09996,-28.02859,699208702,Herpailurus yagouaroundi,2007,2007/08/25 00:00:00+00,AR,Corrientes,"<p>Santa Mar&iacute;a</p>",occurrencePoints_GBIF
-58.01706,-27.99967,699208703,Herpailurus yagouaroundi,2007,2007/08/30 00:00:00+00,AR,Corrientes,<p>Picada del potrero 6</p>,occurrencePoints_GBIF
-58.00131,-28.01706,699208706,Herpailurus yagouaroundi,2007,2007/09/27 00:00:00+00,AR,Corrientes,"<p>Borde del Estero Santa Luc&iacute;a, potrero 5</p>",occurrencePoints_GBIF
-74.920806,5.505639,724223537,Herpailurus yagouaroundi,2007,2007/11/13 00:00:00+00,CO,Caldas,"Central Hidroeléctrica Miel I, vereda Sasaima, Campiña",occurrencePoints_GBIF
-55.2148,-27.54621,233872842,Herpailurus yagouaroundi,2007,2007/12/08 00:00:00+00,AR,Misiones,"<p>Ruta Nacional 14, a la altura del km 864.</p>",occurrencePoints_GBIF
-58.03995,-28.01469,233872782,Herpailurus yagouaroundi,2008,2008/06/13 00:00:00+00,AR,Corrientes,"<p>Ruta Provincial 86, potrero Tung</p>",occurrencePoints_GBIF
-58.13358,-28.03657,233872783,Herpailurus yagouaroundi,2008,2008/06/21 00:00:00+00,AR,Corrientes,<p>Pastizal del Potrero 15</p>,occurrencePoints_GBIF
-58.02252,-28.01487,233872784,Herpailurus yagouaroundi,2008,2008/08/10 00:00:00+00,AR,Corrientes,"<p>Ruta provincial 86, frente a Seccional D'Orbigny</p>",occurrencePoints_GBIF
-58.10549,-27.95759,233872785,Herpailurus yagouaroundi,2008,2008/09/17 00:00:00+00,AR,Corrientes,<p>Potrero Rincon</p>,occurrencePoints_GBIF
-58.00547,-28.00491,233872786,Herpailurus yagouaroundi,2008,2008/09/21 00:00:00+00,AR,Corrientes,"<p>Ruta Provincial 86, Potrero 5</p>",occurrencePoints_GBIF
-58.089,-28.03437,233872787,Herpailurus yagouaroundi,2008,2008/10/06 00:00:00+00,AR,Corrientes,"<p>Ruta Provincial 86, entre potreros 1 y 16</p>",occurrencePoints_GBIF
-58.064,-28.02333,233872788,Herpailurus yagouaroundi,2008,2008/11/24 00:00:00+00,AR,Corrientes,"<p>Ruta Provincial 86, Potrero 17</p>",occurrencePoints_GBIF
-57.99259,-27.96153,233872789,Herpailurus yagouaroundi,2008,2008/12/01 00:00:00+00,AR,Corrientes,"<p>Ca&ntilde;ada Fragosa, potrero 7 (27 57 40,6 S y 57 59 33,5 O)</p>",occurrencePoints_GBIF
-54.49735,-25.66594,233872736,Herpailurus yagouaroundi,2008,2008/12/16 00:00:00+00,AR,Misiones,"Sendero Yacaratiá, entre Puerto Macuco y el ingreso. , Iguazú, Misiones, Argentina",occurrencePoints_GBIF
-58.06419,-28.02342,233872775,Herpailurus yagouaroundi,2009,2009/01/18 00:00:00+00,AR,Corrientes,<p>Ruta provincial 86</p>,occurrencePoints_GBIF
-58.09454,-28.01785,233872776,Herpailurus yagouaroundi,2009,2009/02/23 00:00:00+00,AR,Corrientes,<p>Camino del potrero 1</p>,occurrencePoints_GBIF
-58.02877,-28.01876,233872779,Herpailurus yagouaroundi,2009,2009/05/07 00:00:00+00,AR,Corrientes,<p>Santa Teresa</p>,occurrencePoints_GBIF
-99.0854233160965,18.5022478373193,1418740154,Herpailurus yagouaroundi,2009,2009/07/03 00:00:00+00,MX,Morelos,Carretera que va de Cuernavaca a Tepoztlán.,occurrencePoints_GBIF
-43.589741,-19.289835,2603454393,Herpailurus yagouaroundi,2009,2009/10/15 16:12:00+00,BR,Minas Gerais,,occurrencePoints_GBIF
-53.26107,3.69234,3310632107,Herpailurus yagouaroundi,2010,2010/01/01 00:00:00+00,GF,Guyane française,,occurrencePoints_GBIF
-52.19369,4.56617,3310503407,Herpailurus yagouaroundi,2010,2010/01/01 00:00:00+00,GF,Guyane française,,occurrencePoints_GBIF
-52.13713,4.58023,3310139725,Herpailurus yagouaroundi,2010,2010/01/01 00:00:00+00,GF,Guyane française,,occurrencePoints_GBIF
-53.30211,4.58764,3310460850,Herpailurus yagouaroundi,2010,2010/01/01 00:00:00+00,GF,Guyane française,,occurrencePoints_GBIF
-52.79927,5.24792,3310182471,Herpailurus yagouaroundi,2010,2010/01/01 00:00:00+00,GF,Guyane française,,occurrencePoints_GBIF
-76.90725,2.64848,3118572889,Herpailurus yagouaroundi,2010,2010/03/17 00:00:00+00,CO,Cauca,PNN Munchique,occurrencePoints_GBIF
-58.09678,-28.03358,699208707,Herpailurus yagouaroundi,2010,2010/04/12 00:00:00+00,AR,Corrientes,"<p>RP N&ordm; 86, Potrero N&ordm; 1</p>",occurrencePoints_GBIF
-58.05301,-28.01889,699208708,Herpailurus yagouaroundi,2010,2010/06/17 00:00:00+00,AR,Corrientes,"<p>&nbsp;RP N&ordm; 86, Potrero 2 Grande.</p>",occurrencePoints_GBIF
-46.008483,-23.109429,3070555550,Herpailurus yagouaroundi,2010,2010/08/28 12:17:56+00,BR,São Paulo,,occurrencePoints_GBIF
-58.12875,-28.04421,699208709,Herpailurus yagouaroundi,2010,2010/11/29 00:00:00+00,AR,Corrientes,"<p>&nbsp;RP N&ordm; 86, Potrero N&ordm; 15</p>",occurrencePoints_GBIF
-53.41397,4.59457,3310221287,Herpailurus yagouaroundi,2011,2011/01/01 00:00:00+00,GF,Guyane française,,occurrencePoints_GBIF
-89.005982,13.614041,2851162364,Herpailurus yagouaroundi,2011,2011/01/14 00:00:00+00,SV,La Paz,,occurrencePoints_GBIF
-77.271111,6.092778,1570685796,Herpailurus yagouaroundi,2011,2011/03/01 00:00:00+00,CO,Chocó,Municipio de Bahía Solano y colinda con el municipio de Bojayá,occurrencePoints_GBIF
-79.206662,9.297392,1836583209,Herpailurus yagouaroundi,2011,2011/03/04 15:39:00+00,PA,Panamá,,occurrencePoints_GBIF
-88.983416,17.099698,2597876393,Herpailurus yagouaroundi,2011,2011/05/25 07:46:00+00,BZ,Cayo,,occurrencePoints_GBIF
-73.918361,8.420361,1657216819,Herpailurus yagouaroundi,2011,2011/05/28 00:00:00+00,CO,Bolívar,,occurrencePoints_GBIF
-73.934722,8.424111,1657216850,Herpailurus yagouaroundi,2011,2011/05/28 00:00:00+00,CO,Bolívar,Arenal,occurrencePoints_GBIF
-65.87233,-27.28606,699208596,Herpailurus yagouaroundi,2011,2011/09/09 00:00:00+00,AR,Tucumán,"<p>Camino vehicular, cerca del Destacamento Santa Rosa</p>",occurrencePoints_GBIF
-78.414389,0.370979,2850786537,Herpailurus yagouaroundi,2011,2011/10/04 07:19:00+00,EC,Imbabura,,occurrencePoints_GBIF
-54.557912,-25.720832,2882986793,Herpailurus yagouaroundi,2011,2011/11/29 07:12:00+00,AR,Misiones,,occurrencePoints_GBIF
-90.708664,16.350089,2629808312,Herpailurus yagouaroundi,2012,2012/02/01 00:00:00+00,MX,Chiapas,Ejido Zamora,occurrencePoints_GBIF
-74.168,11.304528,1657216845,Herpailurus yagouaroundi,2012,2012/02/22 00:00:00+00,CO,Magdalena,Bahia Concha y Granate,occurrencePoints_GBIF
-73.772222,7.498889,919141094,Herpailurus yagouaroundi,2012,2012/03/14 00:00:00+00,CO,Santander,"El Cerrito, Sector Caño Peruétano",occurrencePoints_GBIF
-85.040588,10.138382,2329635235,Herpailurus yagouaroundi,2012,2012/05/03 00:00:00+00,CR,,Ensenada Lodge (Costa Rica),occurrencePoints_GBIF
-73.339722,7.421667,919141097,Herpailurus yagouaroundi,2012,2012/06/03 00:00:00+00,CO,Santander,"Campo Duro, Sector la Bodega",occurrencePoints_GBIF
-82.415646,8.65763,891091457,Herpailurus yagouaroundi,2012,2012/07/12 00:00:00+00,PA,Chiriquí,,occurrencePoints_GBIF
-53.367577,-30.471996,2898430869,Herpailurus yagouaroundi,2012,2012/07/14 11:14:00+00,BR,Rio Grande do Sul,,occurrencePoints_GBIF
-74.121306,11.291917,1657216874,Herpailurus yagouaroundi,2012,2012/07/21 00:00:00+00,CO,Magdalena,Gairaca y Chengue,occurrencePoints_GBIF
-66.100638,-13.753475,2251889782,Herpailurus yagouaroundi,2013,2013/01/09 21:19:00+00,BO,El Beni,,occurrencePoints_GBIF
-88.982177,17.099313,2597687405,Herpailurus yagouaroundi,2013,2013/01/19 15:26:00+00,BZ,Cayo,,occurrencePoints_GBIF
-85.731694,11.107158,891130064,Herpailurus yagouaroundi,2013,2013/02/22 08:51:00+00,NI,Rivas,,occurrencePoints_GBIF
-88.989331,17.504722,2634607464,Herpailurus yagouaroundi,2013,2013/07/01 07:37:00+00,BZ,Orange Walk,,occurrencePoints_GBIF
-53.341667,-27.898056,2416989966,Herpailurus yagouaroundi,2013,2013/07/31 00:00:00+00,BR,Rio Grande do Sul,RS 158,occurrencePoints_GBIF
-51.580556,-30.704028,2416989690,Herpailurus yagouaroundi,2013,2013/09/16 00:00:00+00,BR,Rio Grande do Sul,"Br 116, km 371",occurrencePoints_GBIF
-76.614503,3.372756,1639428175,Herpailurus yagouaroundi,2013,2013/10/24 00:00:00+00,CO,Valle del Cauca,"Corregimiento Pance, cuenca río Pance y cuenca río Lili, vereda El Otoño y vereda El Rosario",occurrencePoints_GBIF
-53.658017,-28.102339,2416989639,Herpailurus yagouaroundi,2013,2013/12/09 00:00:00+00,BR,Rio Grande do Sul,RS 158,occurrencePoints_GBIF
-88.887561,17.425717,2634487031,Herpailurus yagouaroundi,2014,2014/03/31 23:33:00+00,BZ,Orange Walk,,occurrencePoints_GBIF
-55.22077,4.91685,3327616959,Herpailurus yagouaroundi,2014,2014/04/08 17:46:19+00,SR,Brokopondo,PP2.8 L,occurrencePoints_GBIF
-55.19523,4.935583,3327616414,Herpailurus yagouaroundi,2014,2014/04/28 12:21:56+00,SR,Brokopondo,MW3 R,occurrencePoints_GBIF
-96.06856,17.27929,2629233042,Herpailurus yagouaroundi,2014,2014/05/01 00:00:00+00,MX,Oaxaca,"6.5 Km NW of Totontepec Villa de Morelos, Mixe",occurrencePoints_GBIF
-96.06856,17.27929,2629234572,Herpailurus yagouaroundi,2014,2014/05/06 00:00:00+00,MX,Oaxaca,"6.5 Km NW of Totontepec Villa de Morelos, Mixe",occurrencePoints_GBIF
-76.85709,8.61304,1270713680,Herpailurus yagouaroundi,2014,2014/05/12 00:00:00+00,CO,Antioquia,Cerro del Aguila,occurrencePoints_GBIF
-96.06856,17.27929,2629232508,Herpailurus yagouaroundi,2014,2014/06/05 00:00:00+00,MX,Oaxaca,"6.5 Km NW of Totontepec Villa de Morelos, Mixe",occurrencePoints_GBIF
-55.18997,4.94075,2005969296,Herpailurus yagouaroundi,2014,2014/06/18 13:56:09+00,SR,,MW2 L,occurrencePoints_GBIF
-71.597222,5.417125,2884905718,Herpailurus yagouaroundi,2014,2014/06/27 00:00:00+00,CO,Casanare,"Vereda La Cañada, Reserva Natural La Palmita, caño Guajivo",occurrencePoints_GBIF
-76.158839,4.508683,1639429077,Herpailurus yagouaroundi,2014,2014/07/01 00:00:00+00,CO,Valle del Cauca,"Corregimiento Quebradagrande, Vereda La Trinidad, predio El Silencio",occurrencePoints_GBIF
-76.135597,4.534511,1639429088,Herpailurus yagouaroundi,2014,2014/07/01 00:00:00+00,CO,Valle del Cauca,"Corregimiento Quebradagrande, Vereda El Sabanazo, predio La Culebrera",occurrencePoints_GBIF
-76.117881,4.551028,1639429080,Herpailurus yagouaroundi,2014,2014/07/01 00:00:00+00,CO,Valle del Cauca,"Zona rural de municipio de La Union, Vereda El Cedro, predio El Juanelo",occurrencePoints_GBIF
-76.136067,4.551283,1639429107,Herpailurus yagouaroundi,2014,2014/07/01 00:00:00+00,CO,Valle del Cauca,"Corregimiento La Aguada, Vereda El Rincón, predio El Rosario",occurrencePoints_GBIF
-71.603567,5.420647,2884905558,Herpailurus yagouaroundi,2014,2014/07/02 00:00:00+00,CO,Casanare,"Vereda La Cañada, Reserva Natural La Palmita, caño Guajivo",occurrencePoints_GBIF
-75.480528,4.45175,1944886705,Herpailurus yagouaroundi,2014,2014/08/01 00:00:00+00,CO,Tolima,"Vereda La Luisa, transecto quebrada La Colosa",occurrencePoints_GBIF
-55.22073,4.91675,2005970010,Herpailurus yagouaroundi,2014,2014/08/03 14:05:10+00,SR,,PP2.8 R,occurrencePoints_GBIF
-80.89418,-1.06709,1038337395,Herpailurus yagouaroundi,2014,2014/08/15 00:00:00+00,EC,Manabi,,occurrencePoints_GBIF
-80.725446,-1.546607,1038341307,Herpailurus yagouaroundi,2014,2014/08/16 00:00:00+00,EC,Manabi,,occurrencePoints_GBIF
-80.759906,-1.53289,1038341292,Herpailurus yagouaroundi,2014,2014/08/16 00:00:00+00,EC,Manabi,,occurrencePoints_GBIF
-76.428381,3.849119,1639429074,Herpailurus yagouaroundi,2014,2014/08/20 00:00:00+00,CO,Valle del Cauca,"Corregimiento El Dorado, zona rural del municipio de Yotoco, predio La Unión",occurrencePoints_GBIF
-76.369042,3.960656,1639429062,Herpailurus yagouaroundi,2014,2014/08/20 00:00:00+00,CO,Valle del Cauca,"Zona rural del municipio de Yotoco, Vereda Miravalle-Dopo, predio La Umbría",occurrencePoints_GBIF
-73.25273,3.71723,3118576575,Herpailurus yagouaroundi,2014,2014/09/01 00:00:00+00,CO,Meta,Finca La Aurora,occurrencePoints_GBIF
-73.25481,3.72819,3118578555,Herpailurus yagouaroundi,2014,2014/09/01 00:00:00+00,CO,Meta,Finca La Aurora,occurrencePoints_GBIF
-73.32886,3.74615,3118576509,Herpailurus yagouaroundi,2014,2014/09/01 00:00:00+00,CO,Meta,"Finca La Vega, propiedad de Organización la Paz",occurrencePoints_GBIF
-73.24595,3.76473,3118578354,Herpailurus yagouaroundi,2014,2014/09/01 00:00:00+00,CO,Meta,Finca Ucrania,occurrencePoints_GBIF
-73.48022,3.89651,3118576484,Herpailurus yagouaroundi,2014,2014/09/01 00:00:00+00,CO,Meta,Finca La Fuente,occurrencePoints_GBIF
-73.24727,4.21937,3118576432,Herpailurus yagouaroundi,2014,2014/09/01 00:00:00+00,CO,Meta,propieadad de Unipalma SA,occurrencePoints_GBIF
-73.25058,4.24984,3118578401,Herpailurus yagouaroundi,2014,2014/09/01 00:00:00+00,CO,Meta,"Finca El Socorro, propiedad de Unipalma",occurrencePoints_GBIF
-72.9572,4.29137,3118576539,Herpailurus yagouaroundi,2014,2014/09/01 00:00:00+00,CO,Meta,Finca La Carolina,occurrencePoints_GBIF
-72.98363,4.29704,3118576627,Herpailurus yagouaroundi,2014,2014/09/01 00:00:00+00,CO,Meta,Finca La Carolina,occurrencePoints_GBIF
-73.34554,4.30347,3118578322,Herpailurus yagouaroundi,2014,2014/09/01 00:00:00+00,CO,Meta,"Finca La Cabaña, propiedad de La Cabaña",occurrencePoints_GBIF
-73.36352,4.31039,3118578299,Herpailurus yagouaroundi,2014,2014/09/01 00:00:00+00,CO,Meta,propiedad de La Cabaña SA,occurrencePoints_GBIF
-73.05462,4.31652,3118576588,Herpailurus yagouaroundi,2014,2014/09/01 00:00:00+00,CO,Meta,Finca La Reserva,occurrencePoints_GBIF
-73.03652,4.32444,3118578840,Herpailurus yagouaroundi,2014,2014/09/01 00:00:00+00,CO,Meta,"Finca Campo Alegre, propiedad de La Cabaña, caño Yarico",occurrencePoints_GBIF
-96.06856,17.27929,2629236225,Herpailurus yagouaroundi,2014,2014/09/17 00:00:00+00,MX,Oaxaca,"6.5 Km NW of Totontepec Villa de Morelos, Mixe",occurrencePoints_GBIF
-55.17804,4.94522,2005970726,Herpailurus yagouaroundi,2014,2014/09/26 10:09:22+00,SR,,WitiCreek L | WitiCreek R,occurrencePoints_GBIF
-76.033369,4.783331,1639429093,Herpailurus yagouaroundi,2014,2014/10/01 00:00:00+00,CO,Valle del Cauca,"Corregimiento Lucitania, Vereda Real Placer, Predio El Topacio",occurrencePoints_GBIF
-76.072353,4.786656,1639429117,Herpailurus yagouaroundi,2014,2014/10/01 00:00:00+00,CO,Valle del Cauca,"Corregimiento Lucitania, Vereda Real Placer, Predio El Jardín",occurrencePoints_GBIF
-76.232467,4.792267,1639429085,Herpailurus yagouaroundi,2014,2014/10/01 00:00:00+00,CO,Valle del Cauca,"Corregimiento Cabecera municipal, Vereda Vallecitos, predio La Florida",occurrencePoints_GBIF
-76.203478,4.808203,1639429079,Herpailurus yagouaroundi,2014,2014/10/01 00:00:00+00,CO,Valle del Cauca,"Corregimiento Alto Bonito, Vereda Alto Bonito, predio La Abadía",occurrencePoints_GBIF
-76.131647,4.845017,1639429069,Herpailurus yagouaroundi,2014,2014/10/01 00:00:00+00,CO,Valle del Cauca,"Corregimiento Catarina-El Embal, Zona rural municipio El Águila, paraje Montebello, Vereda El Embal, predio La Sonora",occurrencePoints_GBIF
-76.036314,4.890375,1639429090,Herpailurus yagouaroundi,2014,2014/10/01 00:00:00+00,CO,Valle del Cauca,"Corregimiento Quebrada Grande-La María, Zona rural municipio El Águila, Vereda La Palma, Predio La Palma",occurrencePoints_GBIF
-74.2853,10.75442,1846726222,Herpailurus yagouaroundi,2014,2014/10/18 00:00:00+00,CO,Magdalena,Hacienda San Joaquin,occurrencePoints_GBIF
-96.06856,17.27929,2629235204,Herpailurus yagouaroundi,2014,2014/10/20 00:00:00+00,MX,Oaxaca,"6.5 Km NW of Totontepec Villa de Morelos, Mixe",occurrencePoints_GBIF
-96.06856,17.27929,2629233459,Herpailurus yagouaroundi,2014,2014/10/28 00:00:00+00,MX,Oaxaca,"6.5 Km NW of Totontepec Villa de Morelos, Mixe",occurrencePoints_GBIF
-76.153864,4.685022,1639429099,Herpailurus yagouaroundi,2014,2014/11/01 00:00:00+00,CO,Valle del Cauca,"Vereda Maracaibo, predio La Primavera",occurrencePoints_GBIF
-76.100253,4.716333,1639429116,Herpailurus yagouaroundi,2014,2014/11/01 00:00:00+00,CO,Valle del Cauca,"Corregimiento La Marina, Vereda La Estrella, predio La Cristalina",occurrencePoints_GBIF
-76.113503,4.738219,1639429098,Herpailurus yagouaroundi,2014,2014/11/01 00:00:00+00,CO,Valle del Cauca,"Corregimiento Las Brisas, Vereda La Marina, Predio La Marina",occurrencePoints_GBIF
-96.06856,17.27929,2629236389,Herpailurus yagouaroundi,2014,2014/11/12 00:00:00+00,MX,Oaxaca,"6.5 Km NW of Totontepec Villa de Morelos, Mixe",occurrencePoints_GBIF
-74.17186,10.45442,1846726288,Herpailurus yagouaroundi,2014,2014/11/28 00:00:00+00,CO,Magdalena,Hacienda San Joaquin,occurrencePoints_GBIF
-80.762891,-1.528658,1065605271,Herpailurus yagouaroundi,2014,2014/12/11 00:00:00+00,EC,Manabi,,occurrencePoints_GBIF
-53.158611,-30.305278,2416989806,Herpailurus yagouaroundi,2014,2014/12/18 00:00:00+00,BR,Rio Grande do Sul,"BR 290, Mata Grande",occurrencePoints_GBIF
-55.17804,4.94522,2005972339,Herpailurus yagouaroundi,2015,2015/01/28 09:31:55+00,SR,,WitiCreek L,occurrencePoints_GBIF
-55.17804,4.94522,2005972536,Herpailurus yagouaroundi,2015,2015/02/07 15:29:39+00,SR,,WitiCreek L | WitiCreek R,occurrencePoints_GBIF
-73.20037,4.18336,1846726337,Herpailurus yagouaroundi,2015,2015/02/16 00:00:00+00,CO,Meta,Hacienda La Cabaña,occurrencePoints_GBIF
-73.33408,4.30533,1846726398,Herpailurus yagouaroundi,2015,2015/02/16 00:00:00+00,CO,Meta,Hacienda La Cabaña,occurrencePoints_GBIF
-73.20992,4.18133,1846726412,Herpailurus yagouaroundi,2015,2015/02/18 00:00:00+00,CO,Meta,Hacienda La Cabaña,occurrencePoints_GBIF
-73.22516,4.18221,1846726409,Herpailurus yagouaroundi,2015,2015/02/19 00:00:00+00,CO,Meta,Hacienda La Cabaña,occurrencePoints_GBIF
-96.06856,17.27929,2629236501,Herpailurus yagouaroundi,2015,2015/04/07 00:00:00+00,MX,Oaxaca,"6.5 Km NW of Totontepec Villa de Morelos, Mixe",occurrencePoints_GBIF
-70.214847,5.994569,2859669159,Herpailurus yagouaroundi,2015,2015/04/10 00:00:00+00,CO,Casanare,"Varsovia, Finca Hato Viejo, caño Aguas Claritas",occurrencePoints_GBIF
-70.214847,5.99457,1676080251,Herpailurus yagouaroundi,2015,2015/04/10 00:00:00+00,CO,Casanare,"Varsovia, Finca Hato Viejo, caño Aguas Claritas",occurrencePoints_GBIF
-74.352417,7.164778,1638730059,Herpailurus yagouaroundi,2015,2015/04/27 00:00:00+00,CO,Bolívar,,occurrencePoints_GBIF
-88.977939,17.098555,2597849382,Herpailurus yagouaroundi,2015,2015/05/23 16:10:00+00,BZ,Cayo,,occurrencePoints_GBIF
-69.8453,-3.90748,3118580298,Herpailurus yagouaroundi,2015,2015/06/01 00:00:00+00,CO,Amazonas,Bosque amazónico al norte del casco urbano,occurrencePoints_GBIF
-54.437782,-25.643267,3325807079,Herpailurus yagouaroundi,2015,2015/06/21 12:09:11+00,BR,Paraná,,occurrencePoints_GBIF
-74.33475,7.683472,1638729739,Herpailurus yagouaroundi,2015,2015/08/10 00:00:00+00,CO,Bolívar,,occurrencePoints_GBIF
-53.75703,-32.141566,2597500456,Herpailurus yagouaroundi,2015,2015/08/11 00:00:00+00,UY,Cerro Largo,Paso Centurión,occurrencePoints_GBIF
-74.337167,7.690083,1638729566,Herpailurus yagouaroundi,2015,2015/08/16 00:00:00+00,CO,Bolívar,,occurrencePoints_GBIF
-73.764444,10.245278,1829121007,Herpailurus yagouaroundi,2015,2015/08/25 00:00:00+00,CO,Cesar,Tierras Nuevas,occurrencePoints_GBIF
-74.331333,7.682333,1638729742,Herpailurus yagouaroundi,2015,2015/09/02 00:00:00+00,CO,Bolívar,,occurrencePoints_GBIF
-95.9537,17.25385,2629233692,Herpailurus yagouaroundi,2015,2015/09/02 00:00:00+00,MX,Oaxaca,"7.8 Km NE of Totontepec Villa de Morelos, Mixe",occurrencePoints_GBIF
-95.9537,17.25385,2629236349,Herpailurus yagouaroundi,2015,2015/10/15 00:00:00+00,MX,Oaxaca,"7.8 Km NE of Totontepec Villa de Morelos, Mixe",occurrencePoints_GBIF
-74.843912,5.068015,1656002087,Herpailurus yagouaroundi,2015,2015/10/22 00:00:00+00,CO,Tolima,Hacienda Jabirú. Jabirú occidental,occurrencePoints_GBIF
-73.48538,9.66179,1993796716,Herpailurus yagouaroundi,2015,2015/10/23 00:00:00+00,CO,Cesar,Botadero occidental,occurrencePoints_GBIF
-54.514391,-25.550602,3124647064,Herpailurus yagouaroundi,2015,2015/10/24 09:39:55+00,BR,Paraná,,occurrencePoints_GBIF
-74.795601,5.180153,1656003407,Herpailurus yagouaroundi,2015,2015/10/25 00:00:00+00,CO,Tolima,Hacienda El Tambor,occurrencePoints_GBIF
-74.78506,5.180142,1656001390,Herpailurus yagouaroundi,2015,2015/11/05 00:00:00+00,CO,Tolima,Hacienda El Tambor,occurrencePoints_GBIF
-95.98544,17.27451,2629232813,Herpailurus yagouaroundi,2015,2015/12/30 00:00:00+00,MX,Oaxaca,"4.9 Km NE of Totontepec Villa de Morelos, Mixe",occurrencePoints_GBIF
-75.837104,5.618003,2563490705,Herpailurus yagouaroundi,2016,2016/01/07 02:37:00+00,CO,Antioquia,,occurrencePoints_GBIF
-68.73684,5.84563,3118573565,Herpailurus yagouaroundi,2016,2016/01/14 00:00:00+00,CO,Vichada,Finca Anakay,occurrencePoints_GBIF
-96.06856,17.27929,2629233153,Herpailurus yagouaroundi,2016,2016/01/21 00:00:00+00,MX,Oaxaca,"6.5 Km NW of Totontepec Villa de Morelos, Mixe",occurrencePoints_GBIF
-55.17911,4.95858,2427483510,Herpailurus yagouaroundi,2016,2016/01/21 13:57:03+00,SR,Brokopondo,Road Uphill L,occurrencePoints_GBIF
-55.22073,4.91675,2427481935,Herpailurus yagouaroundi,2016,2016/01/31 17:00:19+00,SR,Brokopondo,PP 2.8 R,occurrencePoints_GBIF
-68.16364,5.83422,3118581208,Herpailurus yagouaroundi,2016,2016/02/05 00:00:00+00,CO,Vichada,"0.59 km SW del Río Bita, vereda Casuarito, municipio Puerto Carreño, departamento Vichada, Colombia",occurrencePoints_GBIF
-68.4665,5.67317,3118572384,Herpailurus yagouaroundi,2016,2016/02/08 00:00:00+00,CO,Vichada,"7.18 km SE del Río Bita, vereda Marandua, municipio Puerto Carreño, departamento Vichada, Colombia",occurrencePoints_GBIF
-68.23089,5.91525,3118581141,Herpailurus yagouaroundi,2016,2016/02/17 00:00:00+00,CO,Vichada,"8.63 km NE del Río Bita, vereda Santa Cecilia, municipio La Primavera, departamento Vichada, Colombia",occurrencePoints_GBIF
-68.17153,5.89806,3118580670,Herpailurus yagouaroundi,2016,2016/02/19 00:00:00+00,CO,Vichada,"2.87 km NW del Río Bita, vereda Santa Cecilia, municipio La Primavera, departamento Vichada, Colombia",occurrencePoints_GBIF
-55.20847,4.92955,2427485158,Herpailurus yagouaroundi,2016,2016/03/08 08:39:01+00,SR,Brokopondo,Telesur L,occurrencePoints_GBIF
-55.18997,4.94075,2427480524,Herpailurus yagouaroundi,2016,2016/03/09 07:31:47+00,SR,Brokopondo,MW2 R | MW2 L,occurrencePoints_GBIF
-55.22073,4.91675,2427483393,Herpailurus yagouaroundi,2016,2016/03/11 18:15:28+00,SR,Brokopondo,PP 2.8 L | PP 2.8 R,occurrencePoints_GBIF
-55.19525,4.9356,2427481133,Herpailurus yagouaroundi,2016,2016/03/12 07:33:43+00,SR,Brokopondo,MW3 R,occurrencePoints_GBIF
-55.2008,4.93257,2427479497,Herpailurus yagouaroundi,2016,2016/03/15 13:26:34+00,SR,Brokopondo,Mazaroni Junction L,occurrencePoints_GBIF
-55.20078,4.93534,2427477978,Herpailurus yagouaroundi,2016,2016/03/16 18:20:31+00,SR,Brokopondo,Mazaroni Fall R,occurrencePoints_GBIF
-55.22016,4.92541,2427480789,Herpailurus yagouaroundi,2016,2016/03/21 11:40:20+00,SR,Brokopondo,PP 1.4 L,occurrencePoints_GBIF
-88.595158,14.569583,2641572741,Herpailurus yagouaroundi,2016,2016/04/19 13:40:00+00,HN,Lempira,,occurrencePoints_GBIF
-68.98567,5.75913,3118573035,Herpailurus yagouaroundi,2016,2016/04/21 00:00:00+00,CO,Vichada,Finca La Florida,occurrencePoints_GBIF
-88.979724,17.099128,2597850362,Herpailurus yagouaroundi,2016,2016/06/08 14:13:00+00,BZ,Cayo,,occurrencePoints_GBIF
-58.160494,-25.981137,1273847349,Herpailurus yagouaroundi,2016,2016/06/17 12:18:08+00,AR,Formosa,,occurrencePoints_GBIF
-55.2008,4.93257,2427477572,Herpailurus yagouaroundi,2016,2016/06/24 10:23:50+00,SR,Brokopondo,Mazaroni Junction L,occurrencePoints_GBIF
-55.20847,4.92955,2427484775,Herpailurus yagouaroundi,2016,2016/07/04 16:55:12+00,SR,Brokopondo,Telesur L,occurrencePoints_GBIF
-55.19005,4.9267,2427476623,Herpailurus yagouaroundi,2016,2016/07/06 12:14:52+00,SR,Brokopondo,Jeep Trail R,occurrencePoints_GBIF
-55.19005,4.9267,2427476735,Herpailurus yagouaroundi,2016,2016/07/09 11:41:36+00,SR,Brokopondo,Jeep Trail R,occurrencePoints_GBIF
-59.672913,-22.543952,1677290340,Herpailurus yagouaroundi,2016,2016/07/28 06:32:00+00,PY,Presidente Hayes,,occurrencePoints_GBIF
-58.736133,-27.402189,2609333943,Herpailurus yagouaroundi,2016,2016/08/03 13:47:00+00,AR,Corrientes,,occurrencePoints_GBIF
-76.54839,0.40759,3395110509,Herpailurus yagouaroundi,2016,2016/09/07 00:00:00+00,CO,Putumayo,,occurrencePoints_GBIF
-59.618393,-26.79322,1920842047,Herpailurus yagouaroundi,2016,2016/09/08 00:00:00+00,AR,Chaco,,occurrencePoints_GBIF
-55.19005,4.9267,2427477065,Herpailurus yagouaroundi,2016,2016/09/09 12:35:24+00,SR,Brokopondo,Jeep Trail R,occurrencePoints_GBIF
-72.83625,5.02301,1657216962,Herpailurus yagouaroundi,2016,2016/09/22 00:00:00+00,CO,Casanare,,occurrencePoints_GBIF
-75.66053,1.58268,3118578096,Herpailurus yagouaroundi,2016,2016/09/26 00:00:00+00,CO,Caquetá,Florencia,occurrencePoints_GBIF
-55.18555,4.94779,2427480006,Herpailurus yagouaroundi,2016,2016/10/04 13:26:10+00,SR,Brokopondo,MW1 R,occurrencePoints_GBIF
-68.54223,5.73489,3118573007,Herpailurus yagouaroundi,2016,2016/10/05 00:00:00+00,CO,Vichada,Finca Rampla Vieja,occurrencePoints_GBIF
-75.67878,1.60029,3118581068,Herpailurus yagouaroundi,2016,2016/10/10 00:00:00+00,CO,Caquetá,Florencia,occurrencePoints_GBIF
-55.17911,4.95858,2427483109,Herpailurus yagouaroundi,2016,2016/12/02 08:42:32+00,SR,Brokopondo,Road Uphill R,occurrencePoints_GBIF
-76.29543,7.99259,3118569934,Herpailurus yagouaroundi,2016,2016/12/18 00:00:00+00,CO,Córdoba,El Venado,occurrencePoints_GBIF
-52.235184,-15.854022,1847563716,Herpailurus yagouaroundi,2016,2016/12/30 13:07:00+00,BR,Mato Grosso,,occurrencePoints_GBIF
-55.19005,4.9267,2427476850,Herpailurus yagouaroundi,2017,2017/01/05 13:30:33+00,SR,Brokopondo,Jeep Trail R,occurrencePoints_GBIF
-55.22073,4.91675,2427483395,Herpailurus yagouaroundi,2017,2017/01/06 11:42:36+00,SR,Brokopondo,PP 2.8 L | PP 2.8 R,occurrencePoints_GBIF
-75.194444,5.886944,2012888577,Herpailurus yagouaroundi,2017,2017/01/16 00:00:00+00,CO,Antioquia,Vereda El Porvenir,occurrencePoints_GBIF
-55.19525,4.9356,2427481952,Herpailurus yagouaroundi,2017,2017/01/20 13:33:24+00,SR,Brokopondo,MW3 R,occurrencePoints_GBIF
-55.20078,4.93534,2427478254,Herpailurus yagouaroundi,2017,2017/01/24 13:18:53+00,SR,Brokopondo,Mazaroni Fall R,occurrencePoints_GBIF
-55.17911,4.95858,2427484624,Herpailurus yagouaroundi,2017,2017/01/25 18:05:57+00,SR,Brokopondo,Road Uphill R,occurrencePoints_GBIF
-68.43392,5.61478,3118580676,Herpailurus yagouaroundi,2017,2017/02/02 00:00:00+00,CO,Vichada,"14.47 km SE del Río Bita, vereda Marandua, municipio Puerto Carreño, departamento Vichada, Colombia",occurrencePoints_GBIF
-79.20631,9.31549,1836582285,Herpailurus yagouaroundi,2017,2017/02/14 06:58:00+00,PA,Panamá,,occurrencePoints_GBIF
-68.25189,5.90542,3118581375,Herpailurus yagouaroundi,2017,2017/02/16 00:00:00+00,CO,Vichada,"9.22 km NW del Río Bita, vereda Santa Cecilia, municipio La Primavera, departamento Vichada, Colombia",occurrencePoints_GBIF
-70.02142,-4.01693,3118577189,Herpailurus yagouaroundi,2017,2017/02/21 00:00:00+00,CO,Amazonas,Bosque amazónico al norte del casco urbano,occurrencePoints_GBIF
-70.198633,6.71205,1822172795,Herpailurus yagouaroundi,2017,2017/03/22 00:00:00+00,CO,Arauca,Vereda Matal de Flor Amarillo,occurrencePoints_GBIF
-70.1773,6.719917,1822172888,Herpailurus yagouaroundi,2017,2017/03/22 00:00:00+00,CO,Arauca,Vereda Matal de Flor Amarillo,occurrencePoints_GBIF
-70.5269,6.676533,1822173038,Herpailurus yagouaroundi,2017,2017/03/23 00:00:00+00,CO,Arauca,Vereda Matal de Flor Amarillo,occurrencePoints_GBIF
-70.511617,6.628933,1822173126,Herpailurus yagouaroundi,2017,2017/03/25 00:00:00+00,CO,Arauca,Vereda Matal de Flor Amarillo,occurrencePoints_GBIF
-55.22073,4.91675,2427485101,Herpailurus yagouaroundi,2017,2017/04/08 10:22:47+00,SR,Brokopondo,PP 2.8 L,occurrencePoints_GBIF
-55.17804,4.94522,2427484819,Herpailurus yagouaroundi,2017,2017/04/12 17:22:04+00,SR,Brokopondo,Witi Creek L,occurrencePoints_GBIF
-75.757893,4.776557,1802618467,Herpailurus yagouaroundi,2017,2017/04/21 16:34:00+00,CO,Risaralda,,occurrencePoints_GBIF
-76.20264,4.79403,3118570234,Herpailurus yagouaroundi,2017,2017/04/28 00:00:00+00,CO,Valle del Cauca,RNSC Buenos Aires,occurrencePoints_GBIF
-55.22073,4.91675,2427482216,Herpailurus yagouaroundi,2017,2017/05/18 07:01:21+00,SR,Brokopondo,PP 2.8 L | PP 2.8 R,occurrencePoints_GBIF
-88.596282,14.56913,1668835976,Herpailurus yagouaroundi,2017,2017/06/13 05:59:00+00,HN,Lempira,,occurrencePoints_GBIF
-55.22073,4.91675,2427483520,Herpailurus yagouaroundi,2017,2017/06/18 13:35:43+00,SR,Brokopondo,PP 2.8 L | PP 2.8 R,occurrencePoints_GBIF
-75.788999,4.361132,1640038942,Herpailurus yagouaroundi,2017,2017/06/21 18:07:33+00,CO,Quindío,,occurrencePoints_GBIF
-73.84194,3.82916,3118575876,Herpailurus yagouaroundi,2017,2017/06/23 00:00:00+00,CO,Meta,"La Central, Finca La Rosanía",occurrencePoints_GBIF
-55.18997,4.94075,2427480687,Herpailurus yagouaroundi,2017,2017/07/01 14:52:09+00,SR,Brokopondo,MW2 L,occurrencePoints_GBIF
-55.18555,4.94779,2427481915,Herpailurus yagouaroundi,2017,2017/07/13 08:25:30+00,SR,Brokopondo,MW1 R,occurrencePoints_GBIF
-40.382778,-19.858333,2812933316,Herpailurus yagouaroundi,2017,2017/07/17 00:00:00+00,BR,Espírito Santo,"BR-101, Km 218/Sul. Rodovia Governador Mário Covas, próximo a entrada para o Mosteiro Zen Budista.",occurrencePoints_GBIF
-88.540065,13.604922,2609190685,Herpailurus yagouaroundi,2017,2017/07/31 10:50:00+00,SV,Usulután,,occurrencePoints_GBIF
-61.013634,-30.772245,1950010792,Herpailurus yagouaroundi,2017,2017/08/27 00:00:00+00,AR,Santa Fe,,occurrencePoints_GBIF
-76.82875,3.64118,1913317223,Herpailurus yagouaroundi,2017,2017/09/10 00:00:00+00,CO,Valle del Cauca,Llano Bajo,occurrencePoints_GBIF
-75.02936,5.48111,3118582704,Herpailurus yagouaroundi,2017,2017/09/10 00:00:00+00,CO,Caldas,PNN Selva de Florencia,occurrencePoints_GBIF
-75.029361,5.481111,2237830877,Herpailurus yagouaroundi,2017,2017/09/10 00:00:00+00,CO,Caldas,Parque Nacional Natural Selva de Florencia,occurrencePoints_GBIF
-76.83444,3.62519,1913317290,Herpailurus yagouaroundi,2017,2017/09/12 00:00:00+00,CO,Valle del Cauca,El Danubio,occurrencePoints_GBIF
-58.14625,-25.166822,1920836278,Herpailurus yagouaroundi,2017,2017/09/14 00:00:00+00,AR,Formosa,,occurrencePoints_GBIF
-75.26952,10.638616,3019052030,Herpailurus yagouaroundi,2017,2017/09/16 00:00:00+00,CO,Bolívar,El Socorro,occurrencePoints_GBIF
-58.695981,4.644243,2620197321,Herpailurus yagouaroundi,2017,2017/09/24 00:00:00+00,GY,Potaro-Siparuni,,occurrencePoints_GBIF
-74.992866,10.696077,3019066217,Herpailurus yagouaroundi,2017,2017/09/24 00:00:00+00,CO,Atlántico,Sabanagato Parcela 18,occurrencePoints_GBIF
-74.888355,10.79916,3019066229,Herpailurus yagouaroundi,2017,2017/09/24 00:00:00+00,CO,Atlántico,"Predios (Baranoa), Alta Mira",occurrencePoints_GBIF
-75.07805,10.681603,3019065774,Herpailurus yagouaroundi,2017,2017/09/25 00:00:00+00,CO,Atlántico,Corregimiento Arroyo de Piedra,occurrencePoints_GBIF
-75.093077,10.685622,3019066255,Herpailurus yagouaroundi,2017,2017/09/25 00:00:00+00,CO,Atlántico,Corregimiento Arroyo de Piedra,occurrencePoints_GBIF
-74.883071,10.812098,3019065855,Herpailurus yagouaroundi,2017,2017/10/01 00:00:00+00,CO,Atlántico,"Predios (Baranoa), Villa Gloria",occurrencePoints_GBIF
-74.888409,10.785561,3019065877,Herpailurus yagouaroundi,2017,2017/10/03 00:00:00+00,CO,Atlántico,Predios (Baranoa),occurrencePoints_GBIF
-75.189814,10.686383,3019065672,Herpailurus yagouaroundi,2017,2017/10/04 00:00:00+00,CO,Atlántico,San Benito San Martin,occurrencePoints_GBIF
-70.05659,-3.84331,3118576653,Herpailurus yagouaroundi,2017,2017/10/05 00:00:00+00,CO,Amazonas,Bosque amazónico al norte del casco urbano,occurrencePoints_GBIF
-75.295444,10.566896,3019066368,Herpailurus yagouaroundi,2017,2017/10/05 00:00:00+00,CO,Bolívar,"Buenos Aires, Las Brisas",occurrencePoints_GBIF
-76.21309,4.73602,3118570236,Herpailurus yagouaroundi,2017,2017/10/09 00:00:00+00,CO,Valle del Cauca,Finca AgroecolÑgica El Porvenir,occurrencePoints_GBIF
-76.34972,1.79711,3118573520,Herpailurus yagouaroundi,2017,2017/10/14 00:00:00+00,CO,Huila,,occurrencePoints_GBIF
-56.717172,-17.312176,1945446547,Herpailurus yagouaroundi,2017,2017/10/16 08:11:00+00,BR,Mato Grosso,,occurrencePoints_GBIF
-73.83671,3.83994,3118575942,Herpailurus yagouaroundi,2017,2017/10/26 00:00:00+00,CO,Meta,"La Central, Finca La Rosanía",occurrencePoints_GBIF
-98.947222,22.187778,2629795019,Herpailurus yagouaroundi,2017,2017/10/30 00:00:00+00,MX,San luis potosi,Rodeo,occurrencePoints_GBIF
-98.940555,22.203333,2629799658,Herpailurus yagouaroundi,2017,2017/11/11 00:00:00+00,MX,San luis potosi,Los Patos,occurrencePoints_GBIF
-76.98766,3.96411,1913317147,Herpailurus yagouaroundi,2017,2017/12/15 00:00:00+00,CO,Valle del Cauca,Bajo Calima,occurrencePoints_GBIF
-77.06674,4.00691,1913316812,Herpailurus yagouaroundi,2017,2017/12/15 00:00:00+00,CO,Valle del Cauca,Bajo Calima,occurrencePoints_GBIF
-77.02645,3.99387,1913316973,Herpailurus yagouaroundi,2017,2017/12/25 00:00:00+00,CO,Valle del Cauca,Bajo Calima,occurrencePoints_GBIF
-74.210861,6.805333,1948752946,Herpailurus yagouaroundi,2018,2018/01/03 11:52:00+00,CO,Antioquia,,occurrencePoints_GBIF
-77.0811,4.03986,1913317101,Herpailurus yagouaroundi,2018,2018/01/08 00:00:00+00,CO,Valle del Cauca,Bajo Calima,occurrencePoints_GBIF
-77.06624,4.01948,1913317237,Herpailurus yagouaroundi,2018,2018/01/17 00:00:00+00,CO,Valle del Cauca,Bajo Calima,occurrencePoints_GBIF
-76.2376,4.75819,3118570230,Herpailurus yagouaroundi,2018,2018/02/11 00:00:00+00,CO,Valle del Cauca,Finca Nàpoles,occurrencePoints_GBIF
-69.61397,-2.16035,3118569121,Herpailurus yagouaroundi,2018,2018/03/20 00:00:00+00,CO,Amazonas,"Sector Puerto Franco, PNN Río Puré",occurrencePoints_GBIF
-69.62657,-2.13505,3118569078,Herpailurus yagouaroundi,2018,2018/03/25 00:00:00+00,CO,Amazonas,"Sector Puerto Franco, PNN Río Puré",occurrencePoints_GBIF
-74.75056,1.37111,3118581174,Herpailurus yagouaroundi,2018,2018/04/07 00:00:00+00,CO,Caquetá,,occurrencePoints_GBIF
-106.657742,23.707042,2629777553,Herpailurus yagouaroundi,2018,2018/04/17 00:00:00+00,MX,Sinaloa,"APFF Meseta de Cacaxtla, aguaje de Tolosa",occurrencePoints_GBIF
-106.657742,23.707042,2629777182,Herpailurus yagouaroundi,2018,2018/04/22 00:00:00+00,MX,Sinaloa,"APFF Meseta de Cacaxtla, aguaje de Tolosa",occurrencePoints_GBIF
-75.184389,9.945623,2907784761,Herpailurus yagouaroundi,2018,2018/05/12 00:00:00+00,CO,Bolívar,Vereda El Jobo,occurrencePoints_GBIF
-75.153345,9.967223,2907784709,Herpailurus yagouaroundi,2018,2018/05/12 00:00:00+00,CO,Bolívar,Vereda La Haya,occurrencePoints_GBIF
-75.115722,10.016279,2907785067,Herpailurus yagouaroundi,2018,2018/05/13 00:00:00+00,CO,Bolívar,Vereda Botijuela,occurrencePoints_GBIF
-75.102971,10.018032,2907784326,Herpailurus yagouaroundi,2018,2018/05/13 00:00:00+00,CO,Bolívar,Vereda Botijuela,occurrencePoints_GBIF
-75.095167,10.046215,2907785229,Herpailurus yagouaroundi,2018,2018/05/13 00:00:00+00,CO,Bolívar,Vereda Manizales,occurrencePoints_GBIF
-75.0791,9.87527,2907785208,Herpailurus yagouaroundi,2018,2018/05/14 00:00:00+00,CO,Bolívar,Vereda Cañito,occurrencePoints_GBIF
-75.08165,9.88252,2907784664,Herpailurus yagouaroundi,2018,2018/05/14 00:00:00+00,CO,Bolívar,Vereda Cañito,occurrencePoints_GBIF
-75.08032,9.88342,2907785281,Herpailurus yagouaroundi,2018,2018/05/14 00:00:00+00,CO,Bolívar,Vereda Cañito,occurrencePoints_GBIF
-75.05953,9.92243,2907784601,Herpailurus yagouaroundi,2018,2018/05/14 00:00:00+00,CO,Bolívar,Vereda Cañito,occurrencePoints_GBIF
-75.32374,9.56955,2907784838,Herpailurus yagouaroundi,2018,2018/05/16 00:00:00+00,CO,Sucre,Vereda Ojo de agua,occurrencePoints_GBIF
-75.33245,9.57601,2907784810,Herpailurus yagouaroundi,2018,2018/05/16 00:00:00+00,CO,Sucre,Vereda La Montaña,occurrencePoints_GBIF
-75.33255,9.54116,2907784696,Herpailurus yagouaroundi,2018,2018/05/18 00:00:00+00,CO,Sucre,Vereda La Estación,occurrencePoints_GBIF
-75.33395,9.63216,2907785283,Herpailurus yagouaroundi,2018,2018/05/18 00:00:00+00,CO,Bolívar,Vereda El Tesoro,occurrencePoints_GBIF
-88.503789,17.347685,1850928126,Herpailurus yagouaroundi,2018,2018/06/04 12:48:00+00,BZ,Belize,,occurrencePoints_GBIF
-88.500641,17.326141,1850926743,Herpailurus yagouaroundi,2018,2018/06/04 14:44:00+00,BZ,Belize,,occurrencePoints_GBIF
-72.917518,-3.257878,3118339686,Herpailurus yagouaroundi,2018,2018/06/16 08:12:00+00,PE,Loreto,,occurrencePoints_GBIF
-73.403376,7.104182,1914246755,Herpailurus yagouaroundi,2018,2018/07/07 17:13:09+00,CO,Santander,,occurrencePoints_GBIF
-76.25865,1.689156,1913702217,Herpailurus yagouaroundi,2018,2018/07/10 00:00:00+00,CO,Huila,,occurrencePoints_GBIF
-75.352364,9.507456,2907784997,Herpailurus yagouaroundi,2018,2018/07/27 00:00:00+00,CO,Sucre,Vereda La Esmeralda,occurrencePoints_GBIF
-75.361897,9.526605,2907785038,Herpailurus yagouaroundi,2018,2018/07/27 00:00:00+00,CO,Sucre,Vereda El Jorro,occurrencePoints_GBIF
-75.33023,9.640156,2907784351,Herpailurus yagouaroundi,2018,2018/07/27 00:00:00+00,CO,Bolívar,Vereda El Tesoro,occurrencePoints_GBIF
-75.306278,9.561361,2907784492,Herpailurus yagouaroundi,2018,2018/07/29 00:00:00+00,CO,Sucre,Corregimiento La Ceiba,occurrencePoints_GBIF
-75.347979,9.580031,2907785142,Herpailurus yagouaroundi,2018,2018/09/26 00:00:00+00,CO,Sucre,Vereda Cerro Grande,occurrencePoints_GBIF
-75.379222,9.589167,2907785185,Herpailurus yagouaroundi,2018,2018/09/27 00:00:00+00,CO,Sucre,El Cerro,occurrencePoints_GBIF
-75.34388,9.60815,2907784481,Herpailurus yagouaroundi,2018,2018/09/27 00:00:00+00,CO,Sucre,Vereda Guacamayas,occurrencePoints_GBIF
-75.335928,9.581401,2907784988,Herpailurus yagouaroundi,2018,2018/09/28 00:00:00+00,CO,Sucre,Vereda El Canal,occurrencePoints_GBIF
-75.15095,9.92649,2907784864,Herpailurus yagouaroundi,2018,2018/09/28 00:00:00+00,CO,Bolívar,Vereda Páramo,occurrencePoints_GBIF
-75.351794,9.50242,2907784498,Herpailurus yagouaroundi,2018,2018/09/30 00:00:00+00,CO,Sucre,Vereda El Jorro,occurrencePoints_GBIF
-88.464996,15.296945,1935600038,Herpailurus yagouaroundi,2018,2018/11/03 16:12:51+00,HN,Santa Bárbara,,occurrencePoints_GBIF
-60.904563,-30.594709,1950017281,Herpailurus yagouaroundi,2018,2018/12/07 00:00:00+00,AR,Santa Fe,,occurrencePoints_GBIF
-74.678578,6.069502,1986534622,Herpailurus yagouaroundi,2018,2018/12/09 10:51:00+00,CO,Antioquia,,occurrencePoints_GBIF
-51.7793,-26.513874,2634609215,Herpailurus yagouaroundi,2018,2018/12/12 06:55:00+00,BR,Paraná,,occurrencePoints_GBIF
-78.116674,8.618503,3067879792,Herpailurus yagouaroundi,2019,2019/01/05 16:34:00+00,PA,Darién,,occurrencePoints_GBIF
-73.74837,7.08129,3333758384,Herpailurus yagouaroundi,2019,2019/01/26 00:00:00+00,CO,Santander,Centro de Investigaciones Santa Lucía - km 14 vía Bucaramanga,occurrencePoints_GBIF
-80.758257,-1.519416,2242941059,Herpailurus yagouaroundi,2019,2019/03/16 00:00:00+00,EC,Manabi,,occurrencePoints_GBIF
-73.75146,7.07699,3333758710,Herpailurus yagouaroundi,2019,2019/04/07 00:00:00+00,CO,Santander,Centro de Investigaciones Santa Lucía - km 14 vía Bucaramanga,occurrencePoints_GBIF
-59.940573,-3.005624,2242855980,Herpailurus yagouaroundi,2019,2019/04/28 00:00:00+00,BR,Amazonas,,occurrencePoints_GBIF
-86.989926,13.999601,2529269991,Herpailurus yagouaroundi,2019,2019/06/21 12:47:00+00,HN,Francisco Morazán,,occurrencePoints_GBIF
-88.579971,15.743253,2868130123,Herpailurus yagouaroundi,2019,2019/07/08 11:10:44+00,GT,Izabal,,occurrencePoints_GBIF
-71.451364,-13.015004,2988452038,Herpailurus yagouaroundi,2019,2019/07/13 08:19:00+00,PE,Cusco,,occurrencePoints_GBIF
-61.114973,-18.772979,2596454439,Herpailurus yagouaroundi,2019,2019/07/24 20:21:00+00,BO,Santa Cruz,,occurrencePoints_GBIF
-75.152609,9.957948,2907783574,Herpailurus yagouaroundi,2019,2019/08/21 00:00:00+00,CO,Bolívar,Raicero,occurrencePoints_GBIF
-75.9825,1.46306,3118580079,Herpailurus yagouaroundi,2019,2019/09/11 00:00:00+00,CO,Caquetá,PNN Alto Fragua indi wasi,occurrencePoints_GBIF
-75.99861,1.48417,3118580261,Herpailurus yagouaroundi,2019,2019/09/11 00:00:00+00,CO,Caquetá,PNN Alto Fragua indi wasi,occurrencePoints_GBIF
-84.341278,10.030406,2423083340,Herpailurus yagouaroundi,2019,2019/09/12 21:57:27+00,CR,Alajuela,,occurrencePoints_GBIF
-65.064256,-32.004849,2429561434,Herpailurus yagouaroundi,2019,2019/09/14 17:48:00+00,AR,Córdoba,,occurrencePoints_GBIF
-75.85139,1.51694,3118579555,Herpailurus yagouaroundi,2019,2019/09/22 00:00:00+00,CO,Caquetá,,occurrencePoints_GBIF
-60.944825,-18.678165,2836269967,Herpailurus yagouaroundi,2019,2019/09/23 00:00:00+00,BO,,Bolivia - Charagua (Santa Cruz),occurrencePoints_GBIF
-75.008292,6.103328,3118572299,Herpailurus yagouaroundi,2019,2019/10/01 00:00:00+00,CO,Antioquia,Vereda San Antonio,occurrencePoints_GBIF
-75.99278,1.47806,3118580289,Herpailurus yagouaroundi,2019,2019/10/10 00:00:00+00,CO,Caquetá,PNN Alto Fragua indi wasi,occurrencePoints_GBIF
-75.86944,1.48528,3118579425,Herpailurus yagouaroundi,2019,2019/10/18 00:00:00+00,CO,Caquetá,,occurrencePoints_GBIF
-72.56785,11.108639,2821229739,Herpailurus yagouaroundi,2019,2019/10/19 00:00:00+00,CO,La Guajira,"Albania, Arroyo Tabaco",occurrencePoints_GBIF
-72.563474,11.110899,2821229756,Herpailurus yagouaroundi,2019,2019/10/19 00:00:00+00,CO,La Guajira,"Hatonuevo, Arroyo Tabaco",occurrencePoints_GBIF
-72.615311,11.152984,2821230617,Herpailurus yagouaroundi,2019,2019/10/21 00:00:00+00,CO,La Guajira,"Albania, Mushaiza",occurrencePoints_GBIF
-72.569324,11.107416,2821230654,Herpailurus yagouaroundi,2019,2019/10/23 00:00:00+00,CO,La Guajira,"Hatonuevo, Arroyo Tabaco",occurrencePoints_GBIF
-75.99,1.46194,3118580317,Herpailurus yagouaroundi,2019,2019/10/24 00:00:00+00,CO,Caquetá,PNN Alto Fragua indi wasi,occurrencePoints_GBIF
-76.24306,1.13389,3118580266,Herpailurus yagouaroundi,2019,2019/10/29 00:00:00+00,CO,Caquetá,Resguardo indígena San Miguel,occurrencePoints_GBIF
-73.3174,11.27022,3118573350,Herpailurus yagouaroundi,2019,2019/11/01 00:00:00+00,CO,La Guajira,Jaba Tañiwashkaka,occurrencePoints_GBIF
-75.98222,1.48083,3118579291,Herpailurus yagouaroundi,2019,2019/11/03 00:00:00+00,CO,Caquetá,PNN Alto Fragua indi wasi,occurrencePoints_GBIF
-88.61224,14.694314,2456537135,Herpailurus yagouaroundi,2019,2019/11/08 14:40:00+00,HN,Lempira,,occurrencePoints_GBIF
-78.905587,0.26739,2557817300,Herpailurus yagouaroundi,2019,2019/11/08 16:30:00+00,EC,Imbabura,,occurrencePoints_GBIF
-73.10011,6.02039,3118578717,Herpailurus yagouaroundi,2019,2019/11/14 00:00:00+00,CO,Santander,Guanentá Alto Río Fonce,occurrencePoints_GBIF
-72.574338,11.076189,3343660873,Herpailurus yagouaroundi,2019,2019/11/19 00:00:00+00,CO,La Guajira,Sector La Estrella,occurrencePoints_GBIF
-73.23486,11.21957,3118575011,Herpailurus yagouaroundi,2019,2019/12/03 00:00:00+00,CO,La Guajira,Mariamina,occurrencePoints_GBIF
-73.31202,11.22899,3118574461,Herpailurus yagouaroundi,2019,2019/12/03 00:00:00+00,CO,La Guajira,Casa Blanca,occurrencePoints_GBIF
-73.31583,11.26073,3118573247,Herpailurus yagouaroundi,2019,2019/12/03 00:00:00+00,CO,La Guajira,La Esperanza,occurrencePoints_GBIF
-73.26782,11.17706,3118575424,Herpailurus yagouaroundi,2019,2019/12/04 00:00:00+00,CO,La Guajira,Pozo Azul,occurrencePoints_GBIF
-73.21471,11.21943,3118575037,Herpailurus yagouaroundi,2019,2019/12/04 00:00:00+00,CO,La Guajira,Campano viejo,occurrencePoints_GBIF
-73.29629,11.20259,3118573882,Herpailurus yagouaroundi,2019,2019/12/06 00:00:00+00,CO,La Guajira,El Noni,occurrencePoints_GBIF
-73.31492,11.21169,3118574305,Herpailurus yagouaroundi,2019,2019/12/06 00:00:00+00,CO,La Guajira,Chingalé,occurrencePoints_GBIF
-83.099855,8.591587,2860227524,Herpailurus yagouaroundi,2019,2019/12/07 09:22:14+00,CR,Puntarenas,,occurrencePoints_GBIF
-73.10011,6.02039,3118578713,Herpailurus yagouaroundi,2019,2019/12/22 00:00:00+00,CO,Santander,Guanentá Alto Río Fonce,occurrencePoints_GBIF
-76.357492,3.935436,3081063720,Herpailurus yagouaroundi,2019,2019/12/30 00:00:00+00,CO,Valle del Cauca,Hacienda Chimbilaco,occurrencePoints_GBIF
-76.357492,3.935436,3081063721,Herpailurus yagouaroundi,2020,2020/01/11 00:00:00+00,CO,Valle del Cauca,Hacienda Chimbilaco,occurrencePoints_GBIF
-73.10011,6.02039,3118578711,Herpailurus yagouaroundi,2020,2020/01/20 00:00:00+00,CO,Santander,Guanentá Alto Río Fonce,occurrencePoints_GBIF
-67.74918,6.12846,3118585971,Herpailurus yagouaroundi,2020,2020/01/31 00:00:00+00,CO,Vichada,"0.09 km SW del Río Bita, vereda Puerto Carreño, municipio Puerto Carreño, departamento Vichada, Colombia",occurrencePoints_GBIF
-76.793941,0.885808,3395112748,Herpailurus yagouaroundi,2020,2020/02/18 00:00:00+00,CO,Putumayo,,occurrencePoints_GBIF
-75.105972,9.927972,3118586262,Herpailurus yagouaroundi,2020,2020/02/21 00:00:00+00,CO,Bolívar,SFF Los Colorados,occurrencePoints_GBIF
-76.793941,0.885808,3395112670,Herpailurus yagouaroundi,2020,2020/02/22 00:00:00+00,CO,Putumayo,,occurrencePoints_GBIF
-88.620764,14.56474,2609229254,Herpailurus yagouaroundi,2020,2020/04/16 18:13:17+00,HN,Lempira,,occurrencePoints_GBIF
-88.023442,13.61753,2609129902,Herpailurus yagouaroundi,2020,2020/04/18 05:50:00+00,SV,Morazán,,occurrencePoints_GBIF
-86.51233,11.866396,2610941466,Herpailurus yagouaroundi,2020,2020/04/24 14:22:11+00,NI,Managua,,occurrencePoints_GBIF
-89.19485,13.643344,2611269404,Herpailurus yagouaroundi,2020,2020/04/24 16:39:09+00,SV,San Salvador,,occurrencePoints_GBIF
-59.639278,-30.75897,3039159892,Herpailurus yagouaroundi,2020,2020/05/03 09:09:00+00,AR,Entre Ríos,,occurrencePoints_GBIF
-88.788712,14.850225,2626512477,Herpailurus yagouaroundi,2020,2020/05/13 16:30:00+00,HN,Copán,,occurrencePoints_GBIF
-85.672184,10.978781,2901698718,Herpailurus yagouaroundi,2020,2020/05/14 17:11:00+00,CR,Guanacaste,,occurrencePoints_GBIF
-80.159082,-0.079975,2802584952,Herpailurus yagouaroundi,2020,2020/05/20 00:00:00+00,EC,Manabi,,occurrencePoints_GBIF
-48.227205,-21.892383,2814078743,Herpailurus yagouaroundi,2020,2020/06/28 07:47:00+00,BR,São Paulo,,occurrencePoints_GBIF
-87.119697,14.133865,2826433164,Herpailurus yagouaroundi,2020,2020/08/01 00:00:00+00,HN,Francisco Morazán,,occurrencePoints_GBIF
-76.077723,4.195037,3081063536,Herpailurus yagouaroundi,2020,2020/08/04 00:00:00+00,CO,Valle del Cauca,Hacienda La Venta,occurrencePoints_GBIF
-76.079605,4.198081,2883191728,Herpailurus yagouaroundi,2020,2020/08/04 09:15:00+00,CO,Valle del Cauca,,occurrencePoints_GBIF
-76.071349,4.187842,3081063825,Herpailurus yagouaroundi,2020,2020/08/07 00:00:00+00,CO,Valle del Cauca,Hacienda La Venta,occurrencePoints_GBIF
-76.077723,4.195037,3081063531,Herpailurus yagouaroundi,2020,2020/08/12 00:00:00+00,CO,Valle del Cauca,Hacienda La Venta,occurrencePoints_GBIF
-76.07676,4.197829,2988561715,Herpailurus yagouaroundi,2020,2020/08/12 15:35:00+00,CO,Valle del Cauca,,occurrencePoints_GBIF
-76.075825,4.198356,2883097569,Herpailurus yagouaroundi,2020,2020/08/12 15:35:00+00,CO,Valle del Cauca,,occurrencePoints_GBIF
-62.712936,-30.957371,3005078805,Herpailurus yagouaroundi,2020,2020/08/21 13:32:00+00,AR,Córdoba,,occurrencePoints_GBIF
-76.071349,4.187842,3081064007,Herpailurus yagouaroundi,2020,2020/08/25 00:00:00+00,CO,Valle del Cauca,Hacienda La Venta,occurrencePoints_GBIF
-76.077723,4.195037,3081063648,Herpailurus yagouaroundi,2020,2020/09/09 00:00:00+00,CO,Valle del Cauca,Hacienda La Venta,occurrencePoints_GBIF
-76.352965,4.020951,3081063994,Herpailurus yagouaroundi,2020,2020/09/10 00:00:00+00,CO,Valle del Cauca,Hacienda El Volcán,occurrencePoints_GBIF
-46.864953,-21.611969,3118506714,Herpailurus yagouaroundi,2020,2020/10/23 14:18:00+00,BR,São Paulo,,occurrencePoints_GBIF
-45.939372,-22.227078,3067878160,Herpailurus yagouaroundi,2020,2020/10/25 07:49:00+00,BR,Minas Gerais,,occurrencePoints_GBIF
-76.704933,1.052519,3395115966,Herpailurus yagouaroundi,2020,2020/10/31 00:00:00+00,CO,Putumayo,"La Florida, Finca Eraclio",occurrencePoints_GBIF
-79.69468,9.119759,3109048841,Herpailurus yagouaroundi,2020,2020/11/08 07:11:00+00,PA,Colón,,occurrencePoints_GBIF
-74.209889,6.804844,3302304817,Herpailurus yagouaroundi,2020,2020/11/10 14:36:00+00,CO,Antioquia,,occurrencePoints_GBIF
-88.549258,14.569257,2992684698,Herpailurus yagouaroundi,2020,2020/11/12 08:42:07+00,HN,Lempira,,occurrencePoints_GBIF
-90.183312,14.469063,3070730050,Herpailurus yagouaroundi,2020,2020/11/12 09:11:00+00,GT,Santa Rosa,,occurrencePoints_GBIF
-76.084488,4.333329,3081063927,Herpailurus yagouaroundi,2020,2020/12/08 00:00:00+00,CO,Valle del Cauca,Hacienda El Medio,occurrencePoints_GBIF
-76.082794,4.336163,3039438411,Herpailurus yagouaroundi,2020,2020/12/08 12:02:00+00,CO,Valle del Cauca,,occurrencePoints_GBIF
-76.080454,4.333466,3081063755,Herpailurus yagouaroundi,2020,2020/12/09 00:00:00+00,CO,Valle del Cauca,Hacienda El Medio,occurrencePoints_GBIF
